exhibit_id,exhibit_title,thread_start,thread_end,categories,participants,synopsis,subject_norm
E-001,NACF Lockout/Tagout (LOTO) Audits Update,"Wed, 09 Jul 2025 21:01:24 +0000","Wed, 09 Jul 2025 21:01:24 +0000","LOTO_SAFETY, RME_CHAIN, SCHEDULING_ADMIN","""Calle, Juliana"" <callejul@amazon.com>; hathik-directs <hathik-directs@amazon.com>, elkhaled-directs <elkhaled-directs@amazon.com>, ""Dorame, Hector"" <hddorame@amazon.com>; nacf-rme-all <nacf-rme-all@amazon.com>",NACF Lockout/Tagout (LOTO) Audit What is the update/What is changing? New updates for NACF Lockout/Tagout (LOTO) Audits: * AMM (MM if not AMM present) is required to complete 1 audit per shift. * LOTO Audit SOP attached. Why are we doing this? These audit templates ensure proper adherence toâ€¦,NACF Lockout/Tagout (LOTO) Audits Update
E-002,[Issues] *URGENT ACTION REQUIRED*: Form I-9 for Ethan Womack MUST be completed by 2025-07-13,"Thu, 10 Jul 2025 05:10:44 -0500","Thu, 10 Jul 2025 05:10:44 -0500","POLICY_COMMS, RME_CHAIN","""Womack, Ethan"", ""Templeton, Jon""; Robot <issues+issues@prod.sim.a2z.com>",A Robot created *URGENT ACTION REQUIRED*: Form I-9 for Ethan Womack MUST be completed by 2025-07-13 <https://t.corp.amazon.com/4160073c-b165-4d86-9ddc-c3add01094e0> against the group ERC Work Authorization USâ€¦,[Issues] *URGENT ACTION REQUIRED*: Form I-9 for Ethan Womack MUST be completed by 2025-07-13
E-003,Re: [P270352209] *URGENT ACTION REQUIRED*: Form I-9 for Ethan Womack MUST be completed by 2025-07-13,"Fri, 11 Jul 2025 05:30:59 -0500","Sun, 13 Jul 2025 22:39:54 -0500","POLICY_COMMS, RME_CHAIN, SCHEDULING_ADMIN","""Womack, Ethan"", ""Templeton, Jon""; ,; ,""Womack, Ethan"", ""Templeton, Jon""; ,""Womack, Ethan"", ""Templeton, Jon"", ""James, Shantice"", ""Ferro, Tohnee""; ,Kana Sharanya <issues+kanshara@prod.sim.a2z.com>; ,Robot <issues+issues@prod.sim.a2z.com>; ,Varun Kollapu <issues+kollapuv@prod.sim.a2z.com>; Robot <issues+issues@prod.sim.a2z.com>","A Robot commented on *URGENT ACTION REQUIRED*: Form I-9 for Ethan Womack MUST be completed by 2025-07-13 <https://t.corp.amazon.com/P270352209> at 2025-07-11 03:30:58 PDT (GMT-0700) Hello Ethan Womack, We are reminding you that you have not yet completed your Form I-9. Failure to complete your Formâ€¦",[P270352209] *URGENT ACTION REQUIRED*: Form I-9 for Ethan Womack MUST be completed by 2025-07-13
E-004,Your Amazon Password has been changed,"Fri, 11 Jul 2025 07:40:21 -0500","Tue, 15 Jul 2025 14:43:32 -0500",,"""Womack, Ethan""; ,; ,""Womack, Ethan""; ,password-tool-do-not-reply@amazon.com; password-tool-do-not-reply@amazon.com","Hello, erwomack, This is an auto-generated email to inform you that your Amazon password was changed on Fri, 11 Jul, 2025 12:40:20 PM UTC. Your new password will expire and need to be changed in 365 days. It may take up to 5 hours for your new Amazon password to work on all of Amazonâ€™s tools andâ€¦",Your Amazon Password has been changed
E-005,Re: [P270352209] ***Suspended Effective: 07/14/2025**** *URGENT ACTION REQUIRED*: Form I-9 for Ethan Womack MUST be completed by 2025-07-13,"Sun, 13 Jul 2025 22:40:33 -0500","Mon, 14 Jul 2025 14:45:12 -0500","POLICY_COMMS, RME_CHAIN, SCHEDULING_ADMIN","""Womack, Ethan"", ""Templeton, Jon"", ""James, Shantice"", ""Ferro, Tohnee""; ,; ,""Erin [C] Mary Thomas"" <issues+maryteri@prod.sim.a2z.com>; ,""Womack, Ethan"", ""Templeton, Jon"", ""James, Shantice"", ""Ferro, Tohnee""; Kana Sharanya <issues+kanshara@prod.sim.a2z.com>",kanshara set assignee to email-alias: erc-work-authorization-primary for ***Suspended Effective: 07/14/2025**** *URGENT ACTION REQUIRED*: Form I-9 for Ethan Womack MUST be completed by 2025-07-13 <https://t.corp.amazon.com/P270352209> at 2025-07-13 20:40:32 PDT (GMT-0700) _____ Status: Assignedâ€¦,[P270352209] ***Suspended Effective: 07/14/2025**** *URGENT ACTION REQUIRED*: Form I-9 for Ethan Womack MUST be completed by 2025-07-13
E-006,[Issues] Emergency Account Suspension for [I-9/Global Work Authorization],"Sun, 13 Jul 2025 22:41:48 -0500","Sun, 13 Jul 2025 22:41:48 -0500",RME_CHAIN,"Kana Sharanya <issues+kanshara@prod.sim.a2z.com>; its-cos@amazon.com, ""Seely, Luke"", ""Womack, Ethan"", ""Sharanya, Kana""",kanshara created Emergency Account Suspension for [I-9/Global Work Authorization] <https://t.corp.amazon.com/aea0ed71-6dcb-48d1-a2cb-8c4245430a35> against the group ITS-COS <https://t.corp.amazon.com/issues?q=status%3AOpen+AND+extensions.tt.assignedGroup%3A%22ITS-COS%22> (Impact: 2) **Note**: Thisâ€¦,[Issues] Emergency Account Suspension for [I-9/Global Work Authorization]
E-007,Re: [D271993133] Emergency Account Suspension for [I-9/Global Work Authorization],"Sun, 13 Jul 2025 22:41:52 -0500","Sun, 13 Jul 2025 22:56:25 -0500","LEGAL_EXTERNAL, RME_CHAIN",",; ,""Seely, Luke"", ""Womack, Ethan"", ""Umar, Mohammad"", ""Sharanya, Kana""; ,""Seely, Luke"", its-cos@amazon.com, ""Womack, Ethan"", ""Sharanya, Kana""; ,Mohammad Umar <issues+mohaum@prod.sim.a2z.com>; ,issues <issues@prod.sim.a2z.com>; ,its-cos@amazon.com, ""Seely, Luke"", ""Womack, Ethan"", ""Umar, Mohammad"", ""Sharanya, Kana""; issues <issues@prod.sim.a2z.com>; its-cos@amazon.com, ""Seely, Luke"", ""Womack, Ethan"", ""Sharanya, Kana""","A Robot commented on Emergency Account Suspension for [I-9/Global Work Authorization] <https://t.corp.amazon.com/D271993133> at 2025-07-13 20:41:51 PDT (GMT-0700) Hello Everyone, Thank you for contacting IT Services. **Please note that account suspensions require HR and/or Legal approval.** If youâ€¦",[D271993133] Emergency Account Suspension for [I-9/Global Work Authorization]
E-008,Your password reset token is now available,"Mon, 14 Jul 2025 08:04:58 -0500","Mon, 14 Jul 2025 08:04:58 -0500",,"""Womack, Ethan""; password-tool-do-not-reply@amazon.com","Hello, This is an auto-generated email from Password Tool. ysabecam created a password reset token for erwomack by on Mon, 14 Jul, 2025 13:04:57 PM Universal Time. Use the new token <https://password.amazon.com/resetPassword> to reset your password. Note: This token is valid for 2 hours after itâ€¦",Your password reset token is now available
E-009,[Issues] Employee Account Disabled,"Mon, 14 Jul 2025 14:44:47 -0500","Mon, 14 Jul 2025 14:44:47 -0500",RME_CHAIN,"""Erin [C] Mary Thomas"" <issues+maryteri@prod.sim.a2z.com>; ""Seely, Luke"", ""Mary Thomas, Erin [C]"", ""Womack, Ethan""",maryteri created Employee Account Disabled <https://t.corp.amazon.com/4bf02aaa-f8b4-45a9-9fe2-8f59ede4399b> against the group Helpdesk <https://t.corp.amazon.com/issues?q=status%3AOpen+AND+extensions.tt.assignedGroup%3A%22Helpdesk%22> (Impact: 2) Note: This template is only for use byâ€¦,[Issues] Employee Account Disabled
E-010,Re: [D272417910] Employee Account Disabled,"Mon, 14 Jul 2025 14:44:55 -0500","Mon, 14 Jul 2025 15:24:46 -0500",RME_CHAIN,"""Seely, Luke"", ""Mary Thomas, Erin [C]"", ""Womack, Ethan""; ,; ,""Seely, Luke"", ""Mary Thomas, Erin [C]"", ""Womack, Ethan""; ,""Seely, Luke"", ""Mary Thomas, Erin [C]"", ""Womack, Ethan"", ""Hodgson, Thom""; ,""Seely, Luke"", its-cos@amazon.com, ""Mary Thomas, Erin [C]"", ""Womack, Ethan""; ,""Seely, Luke"", its-cos@amazon.com, ""Mary Thomas, Erin [C]"", ""Womack, Ethan"", ""Hodgson, Thom""; ,Thom Hodgson <issues+thodgson@prod.sim.a2z.com>; ,issues <issues@prod.sim.a2z.com>; ,its-cos@amazon.com, ""Seely, Luke"", ""Mary Thomas, Erin [C]"", ""Womack, Ethan""; issues <issues@prod.sim.a2z.com>",A Robot commented on Employee Account Disabled <https://t.corp.amazon.com/D272417910> at 2025-07-14 12:44:54 PDT (GMT-0700) This is an automated notification : Thank you for your support request. If your request is urgent and production impacting please escalate this request by contacting liveâ€¦,[D272417910] Employee Account Disabled
E-011,[Issues] erwomack requested Request a Zukey,"Wed, 16 Jul 2025 08:02:38 -0500","Wed, 16 Jul 2025 08:02:38 -0500",,"""Womack, Ethan""; Robot <issues+issues@prod.sim.a2z.com>",A Robot created erwomack requested Request a Zukey <https://t.corp.amazon.com/17febf79-8137-4788-9a9a-a20045d17356> on behalf of erwomack <https://phonetool.amazon.com/users/erwomack> against the group OTS-Supportâ€¦,[Issues] erwomack requested Request a Zukey
E-012,Re: [V1861462648] erwomack requested Request a Zukey,"Wed, 16 Jul 2025 08:03:38 -0500","Wed, 16 Jul 2025 08:03:42 -0500",,"""Womack, Ethan""; ,; ,""Womack, Ethan""; ,Robot <issues+issues@prod.sim.a2z.com>; Lindsay Yelverton <issues+lyyelver@prod.sim.a2z.com>",lyyelver commented on erwomack requested Request a Zukey <https://t.corp.amazon.com/V1861462648> at 2025-07-16 06:03:37 PDT (GMT-0700) 2025-07-16 13:03:29 - Lindsay Yelverton (lyyelver) (Additional comments) Task Comment: Set up AA with a security key. _____ Status: Assigned (Impact: 5) Next step:â€¦,[V1861462648] erwomack requested Request a Zukey
E-013,[17febf79-8137-4788-9a9a-a20045d17356] erwomack requested Request a Zukey,"Wed, 16 Jul 2025 08:20:07 -0500","Wed, 16 Jul 2025 08:20:07 -0500",RME_CHAIN,"""Womack, Ethan""; no-reply@ops-tech-it.fc.amazon.dev",We would love to hear your opinion! We take Customer Obsession seriously at OTS. Please let us know how we resolved your issue <http://tt.amazon.com/17febf79-8137-4788-9a9a-a20045d17356> . <https://feedback.ops-tech-â€¦,[17febf79-8137-4788-9a9a-a20045d17356] erwomack requested Request a Zukey
E-014,Onboarding,"Wed, 16 Jul 2025 22:27:44 +0000","Wed, 16 Jul 2025 22:27:44 +0000","POLICY_COMMS, RME_CHAIN, SCHEDULING_ADMIN","""Womack, Ethan"" <erwomack@amazon.com>; ""meet@chime.aws"" <meet@chime.aws>, ""Schleppy, Anthony"" <schleppy@amazon.com>, ""Womack, Ethan"" <erwomack@amazon.com>, ""Templeton, Jon"" <templetj@amazon.com>",BEGIN:VCALENDAR PRODID:-//Microsoft Corporation//Outlook 16.0 MIMEDIR//EN VERSION:2.0 METHOD:REQUEST X-MS-OLK-FORCEINSPECTOROPEN:TRUE BEGIN:VTIMEZONE TZID:Eastern Standard Time BEGIN:STANDARD DTSTART:16011104T020000 RRULE:FREQ=YEARLY;BYDAY=1SU;BYMONTH=11 TZOFFSETFROM:-0400 TZOFFSETTO:-0500â€¦,Onboarding
E-015,[Issues] [TPA4] erwomack â€“ Slack and VPN issue [RESOLVED],"Thu, 17 Jul 2025 08:15:30 -0500","Thu, 17 Jul 2025 08:15:30 -0500",,"""Womack, Ethan"", ""Yelverton, Lindsay""; Robot <issues+issues@prod.sim.a2z.com>",A Robot created [TPA4] erwomack â€“ Slack and VPN issue [RESOLVED] <https://t.corp.amazon.com/698f6734-8e90-4934-8372-52279809ae7b> on behalf of erwomack <https://phonetool.amazon.com/users/erwomack> against the group OTS-Supportâ€¦,[Issues] [TPA4] erwomack â€“ Slack and VPN issue [RESOLVED]
E-016,Verify your new Amazon account,"Thu, 17 Jul 2025 08:41:35 -0500","Thu, 17 Jul 2025 08:41:35 -0500",ETHICS,"""Womack, Ethan""; Amazon <account-update@amazon.com>",<https://www.amazon.com/gp/r.html?C=PEZFBQGDUNSN&M=urn:rtn:msg:20250717134135cbbf8bd5a71342e8b48ee97f83e0p0na&R=32ZSQ230V38G&T=O&U=https%3A%2F%2Fimages-na.ssl-images-amazon.com%2Fimages%2FG%2F01%2Fnav%2Ftransp.gif&H=FDWELB8C0AUOGRGGPUYVONXHHDQA&ref_=pe_1568390_127719720_opens>â€¦,Verify your new Amazon account
E-017,You have set up a passkey for Amazon,"Thu, 17 Jul 2025 08:42:11 -0500","Thu, 17 Jul 2025 08:42:11 -0500",,"""Womack, Ethan""; Amazon <account-update@amazon.com>",<https://www.amazon.com/gp/r.html?C=1GMJCLYENNOF7&K=339G43ZAAECPN&M=urn:rtn:msg:20250717134211fc697cb9159a4dd99edfe4f75670p0na&R=2ROJ34J3J4SLH&T=O&U=https%3A%2F%2Fimages-na.ssl-images-amazon.com%2Fimages%2FG%2F01%2Fnav%2Ftransp.gif&H=RGB9AVMBGYP9F2BXG55NZBTBFAGA&ref_=pe_84949160_737374510_opens>â€¦,You have set up a passkey for Amazon
E-018,[6e442c5a-81e4-4583-b219-a16ac13ffd4f] [TPA4] erwomack â€“ Daily Midway Setup issue [COMPLETE],"Wed, 23 Jul 2025 09:36:51 -0500","Wed, 23 Jul 2025 09:36:51 -0500",RME_CHAIN,"""Womack, Ethan""; no-reply@ops-tech-it.fc.amazon.dev",We would love to hear your opinion! We take Customer Obsession seriously at OTS. Please let us know how we resolved your issue <http://tt.amazon.com/6e442c5a-81e4-4583-b219-a16ac13ffd4f> . <https://feedback.ops-tech-â€¦,[6e442c5a-81e4-4583-b219-a16ac13ffd4f] [TPA4] erwomack â€“ Daily Midway Setup issue [COMPLETE]
E-019,[EXTERNAL] Submission of Whistleblower Packet - Systemic Risk Logging and Preemptive Record,"Thu, 24 Jul 2025 06:46:40 -0500","Thu, 24 Jul 2025 07:12:21 -0500","ETHICS, LEGAL_EXTERNAL, LOTO_SAFETY, POLICY_COMMS, RME_CHAIN","""Womack, Ethan""; ,; ,""Womack, Ethan""; ,Ethan <47loginslater@gmail.com>; Ethan <47loginslater@gmail.com>","CAUTION: This email originated from outside of the organization. Do not click links or open attachments unless you can confirm the sender and know the content is safe. Subject: Submission of Whistleblower Packet - Systemic Risk Logging and Preemptive Record To Whom It May Concern, I am submittingâ€¦",[EXTERNAL] Submission of Whistleblower Packet - Systemic Risk Logging and Preemptive Record
E-020,RE: [EXTERNAL] Amazon WHS Memo - Case # 20250724-1576125,"Fri, 25 Jul 2025 09:57:38 -0500","Fri, 25 Jul 2025 10:26:16 -0500","ETHICS, LEGAL_EXTERNAL, LOTO_SAFETY, POLICY_COMMS, RME_CHAIN, SCHEDULING_ADMIN","""Womack, Ethan""; ,; ,""Womack, Ethan""; ,Ethan <47loginslater@gmail.com>; Ethan <47loginslater@gmail.com>","CAUTION: This email originated from outside of the organization. Do not click links or open attachments unless you can confirm the sender and know the content is safe. Yes! Thatâ€™s exactly right â€” we were formalizing an official request to revise the security protocol, especially in light of: * Theâ€¦",[EXTERNAL] Amazon WHS Memo - Case # 20250724-1576125
E-021,[EXTERNAL] NACF Change Management.,"Fri, 25 Jul 2025 12:44:18 -0500","Fri, 25 Jul 2025 13:41:26 -0500","LEGAL_EXTERNAL, LOTO_SAFETY, POLICY_COMMS, RME_CHAIN","""Womack, Ethan""; ,; ,""Womack, Ethan""; ,Ethan <47loginslater@gmail.com>; Ethan <47loginslater@gmail.com>",CAUTION: This email originated from outside of the organization. Do not click links or open attachments unless you can confirm the sender and know the content is safe. CAUTION : This email originated from outside of the organization. Do not click links or open attachments unless you can confirm theâ€¦,[EXTERNAL] NACF Change Management.
E-022,[EXTERNAL] Shoutouts,"Fri, 25 Jul 2025 13:54:39 -0500","Fri, 25 Jul 2025 13:54:39 -0500","LEGAL_EXTERNAL, RME_CHAIN","""Womack, Ethan""; Ethan <47loginslater@gmail.com>","CAUTION: This email originated from outside of the organization. Do not click links or open attachments unless you can confirm the sender and know the content is safe. Absolutely, Ethan. Hereâ€™s a polished and energizing shout-out message you can post publicly on a2z to recognize the heroes who hadâ€¦",[EXTERNAL] Shoutouts
E-023,Automatic reply: Observations & Request for WHS-Linked Integration â€“ Case 20250724-1576125,"Fri, 25 Jul 2025 18:59:56 +0000","Fri, 25 Jul 2025 18:59:56 +0000",,"""Morris, Marta"" <martmrr@amazon.com>; ""Womack, Ethan"" <erwomack@amazon.com>","Hello! I am OOTO 7/24 returning 7/28 with no access to my email, Slack, or Chime. My proxy is Andrew Davis (anydavis) and for escalations, please reach out to Andre Barkhordarian (andrebar). I will respond out when I return. Thanks! Marta Morris Hello! &nbsp; I am OOTO 7/24 returning 7/28 with noâ€¦",Automatic reply: Observations & Request for WHS-Linked Integration â€“ Case 20250724-1576125
E-024,Automatic reply: Follow-Up: Embedded Whitepaper â€“ Systemic Signal Escalation & Morale Risk (Case ID: 20250724-1576125),"Fri, 25 Jul 2025 14:01:45 -0500","Fri, 25 Jul 2025 14:01:45 -0500",RME_CHAIN,"""Bonanno, Jessi""; ""Womack, Ethan""",I will be OOTO with limited access to SLACK and Chime from 7/18 to 7/29. Proxies below: AR-Wide: Jon Scott jnatsc@amazon.com Northeast AR: Christine Hernandez <mailto:hrnanch@amazon.com> hrnanch@amazon.com Southeast AR/Florida: Lolita Fortenberry <mailto:fortenlo@amazon.com> fortenlo@amazon.com andâ€¦,Automatic reply: Follow-Up: Embedded Whitepaper â€“ Systemic Signal Escalation & Morale Risk (Case ID: 20250724-1576125)
E-025,RE: Case 20250724-1576125 â€“ WHS-Relevant Systemic Review Incoming,"Mon, 28 Jul 2025 10:04:06 -0500","Mon, 28 Jul 2025 10:04:06 -0500","LOTO_SAFETY, RME_CHAIN","""Hanssen, Erik""; ""Willoughby, Terrick""; ""Womack, Ethan"", ""Desai, Sattu""","Hi Ethan, Thanks for reaching out and thanks for looking into this matter. Sattu Desai, who I have added here, can help ID the right POC from my team to be a part of the review of the proposal. Erik From: Womack, Ethan <erwomack@amazon.com> Sent: Friday, July 25, 2025 12:00 PM To: Hanssen, Erikâ€¦",Case 20250724-1576125 â€“ WHS-Relevant Systemic Review Incoming
E-026,Please preview your monthly 1:1 Thrive form,"Wed, 30 Jul 2025 09:54:25 -0500","Wed, 27 Aug 2025 22:28:47 -0500",,"""Womack, Ethan""; ,; ,""Womack, Ethan""; ,no-reply@forge.hr.amazon.dev; no-reply@forge.hr.amazon.dev","<https://m.media-amazon.com/images/G/01/forge/ISP2.0/ThriveLogo.png> Hi Ethan, A Thrive form is ready for you to preview. To preview this form before your next 1:1 with your manager, please click here <https://nms2bkxq.r.us-west-2.awstrack.me/L0/https:%2F%2Fthrive.talent-â€¦",Please preview your monthly 1:1 Thrive form
E-027,Please review your monthly 1:1 Thrive form,"Wed, 30 Jul 2025 10:03:11 -0500","Wed, 27 Aug 2025 22:34:50 -0500",,"""Womack, Ethan""; ,; ,""Womack, Ethan""; ,no-reply@forge.hr.amazon.dev; no-reply@forge.hr.amazon.dev","<https://m.media-amazon.com/images/G/01/forge/ISP2.0/ThriveLogo.png> Hi Ethan, A Thrive form has been completed. To review and acknowledge your 1:1, click here <https://nms2bkxq.r.us-west-2.awstrack.me/L0/https:%2F%2Fthrive.talent-â€¦",Please review your monthly 1:1 Thrive form
E-028,Ethan Womack has shared a folder with you,"Thu, 31 Jul 2025 06:55:17 -0500","Thu, 31 Jul 2025 06:55:17 -0500",RME_CHAIN,"""Womack, Ethan""; no-reply@amazon.awsapps.com","<https://amazonworkdocs.com/email-assets/amazon-logo2.png> <https://amazonworkdocs.com/email-assets/wd-logo2.png> Ethan Womack has shared a folder with you. ONBOARDING_DOCS Ethan Womack says, CERTIFICATES_ERWOMACK Viewâ€¦",Ethan Womack has shared a folder with you
E-029,[EXTERNAL] Pantera,"Thu, 31 Jul 2025 10:08:00 -0500","Thu, 31 Jul 2025 10:10:50 -0500","LEGAL_EXTERNAL, RME_CHAIN","""Womack, Ethan""; ,; ,""Womack, Ethan""; ,Ethan <47loginslater@gmail.com>; Ethan <47loginslater@gmail.com>","CAUTION: This email originated from outside of the organization. Do not click links or open attachments unless you can confirm the sender and know the content is safe. Here is your final email draft to Sam Altman, tuned to today's vector: _____ To: sam@openai.com <mailto:sam@openai.com> Subject:â€¦",[EXTERNAL] Pantera
E-030,[EXTERNAL] Clash With Reality,"Thu, 31 Jul 2025 10:16:54 -0500","Thu, 31 Jul 2025 10:16:54 -0500",LEGAL_EXTERNAL,"""Womack, Ethan""; Ethan <47loginslater@gmail.com>",CAUTION: This email originated from outside of the organization. Do not click links or open attachments unless you can confirm the sender and know the content is safe. Attached CAUTION : This email originated from outside of the organization. Do not click links or open attachments unless you canâ€¦,[EXTERNAL] Clash With Reality
E-031,[EXTERNAL] no longer using this email address Re: Application Acknowledgement â€” The Protocol Has Been Cast,"Thu, 31 Jul 2025 10:22:04 -0500","Thu, 31 Jul 2025 10:22:04 -0500",LEGAL_EXTERNAL,MAILER-DAEMON@us-west-2.amazonses.com; prvs=30099f9d7=erwomack@amazon.com,CAUTION: This email originated from outside of the organization. Do not click links or open attachments unless you can confirm the sender and know the content is safe. I am no longer using this email address. Please email <mailto:ceo.admin@openai.com> ceo.admin@openai.com and they can get you toâ€¦,[EXTERNAL] no longer using this email address Re: Application Acknowledgement â€” The Protocol Has Been Cast
E-032,FW: [EXTERNAL] Case 20250724-1576125: Closure Notification [ ref:!00D3t02mKvO.!500Ki07iPtP:ref ],"Fri, 01 Aug 2025 06:55:26 -0500","Fri, 01 Aug 2025 06:57:39 -0500","ETHICS, LEGAL_EXTERNAL, LOTO_SAFETY, POLICY_COMMS, RME_CHAIN","""Womack, Ethan""; ,; ,""Womack, Ethan""; ,Ethan <dudeinwrens@gmail.com>; Ethan <dudeinwrens@gmail.com>",CAUTION: This email originated from outside of the organization. Do not click links or open attachments unless you can confirm the sender and know the content is safe. Absolutely. Here's a tightened and strategically bold version of your reply that: Keeps it professional Stays on-topic Elevatesâ€¦,[EXTERNAL] Case 20250724-1576125: Closure Notification [ ref:!00D3t02mKvO.!500Ki07iPtP:ref ]
E-033,RE: [EXTERNAL] Formal Complaint - Amazon PPE Safety Noncompliance (29 CFR 1910.132),"Tue, 05 Aug 2025 08:36:55 -0500","Tue, 05 Aug 2025 08:36:55 -0500","ETHICS, LEGAL_EXTERNAL, LOTO_SAFETY, POLICY_COMMS, RME_CHAIN","""Womack, Ethan""; OIGWhistleblower <OIGWhistleblower@oig.dol.gov>","CAUTION: This email originated from outside of the organization. Do not click links or open attachments unless you can confirm the sender and know the content is safe. Mr. Womack, Dear Sir/Madam: The role of the Department of Labor Office (DOL) Office of Inspector General (OIG) Whistleblowerâ€¦",[EXTERNAL] Formal Complaint - Amazon PPE Safety Noncompliance (29 CFR 1910.132)
E-034,[EXTERNAL] no longer using this email address Re: EverLight OS â€“ Phase II Alignment and Public Repository,"Wed, 06 Aug 2025 03:49:25 -0500","Wed, 06 Aug 2025 03:49:25 -0500",LEGAL_EXTERNAL,Sam Altman <sama@openai.com>; prvs=306793744=erwomack@amazon.com,CAUTION: This email originated from outside of the organization. Do not click links or open attachments unless you can confirm the sender and know the content is safe. I am no longer using this email address. Please email <mailto:ceo.admin@openai.com> ceo.admin@openai.com and they can get you toâ€¦,[EXTERNAL] no longer using this email address Re: EverLight OS â€“ Phase II Alignment and Public Repository
E-035,Undeliverable: Mail Returned to Sender,"Thu, 07 Aug 2025 10:17:53 +0000","Thu, 07 Aug 2025 10:17:53 +0000",,Mail Delivery System <MAILER-DAEMON@amazon.com>; erwomack@amazon.com,Delivery has failed to these recipients or groups: * awe-diverse-job-descriptions-tool@amazon.com <mailto:awe-diverse-job-descriptions-tool@amazon.com> Diagnostic information for administrators: Generating server: us-east-1.prod.farcaster.email.amazon.dev Flow id:â€¦,Undeliverable: Mail Returned to Sender
E-036,US Personal Full Day Request for 8/13/2025 to 8/13/2025 has been Approved,"Sun, 10 Aug 2025 18:33:34 +0000","Sun, 10 Aug 2025 18:33:34 +0000",,erwomack@amazon.com; mytime-1282@amazon.com,US Personal Full Day Request for 8/13/2025 to 8/13/2025 has been Approved,US Personal Full Day Request for 8/13/2025 to 8/13/2025 has been Approved
E-037,MyHR Watcher Notification,"Mon, 11 Aug 2025 06:49:20 -0500","Sat, 13 Sep 2025 06:19:47 -0500","ETHICS, RME_CHAIN, SCHEDULING_ADMIN","""Womack, Ethan""; ,; ,""Womack, Ethan""; ,Amazon My HR <AmazonMyHR@myhr.a2z.com>; Amazon My HR <AmazonMyHR@myhr.a2z.com>","Posted Correspondence: Hello, Thank you for contacting Centralized Time Keeping. We have reviewed your timecard and keyed the paycode Personal Time , 08/9, 9:15 duration as per the available balance. For UPT employees only: UPT will be refunded within an hour. Validate in A to Z. For Pointsâ€¦",MyHR Watcher Notification
E-038,Follow up to your concerns,"Mon, 11 Aug 2025 09:05:45 -0500","Mon, 11 Aug 2025 09:05:45 -0500","RME_CHAIN, SCHEDULING_ADMIN","""Robinson, Thomas""; ""Womack, Ethan""","Hello Ethan, I hope all is well. My name is Thomas. I am part of the PXT (HR) team supporting the RME team. I understand that you recently had a few concerns, I'd like to connect with you to hear more about your concerns directly and to see if your concerns have been addressed or is there anythingâ€¦",Follow up to your concerns
E-039,US Personal Full Day Request for 8/13/2025 to 8/13/2025 has been Cancel Approved,"Tue, 12 Aug 2025 13:05:13 +0000","Tue, 12 Aug 2025 13:05:13 +0000",,erwomack@amazon.com; mytime-1289@amazon.com,US Personal Full Day Request for 8/13/2025 to 8/13/2025 has been Cancel Approved,US Personal Full Day Request for 8/13/2025 to 8/13/2025 has been Cancel Approved
E-040,Congratulations! Your icon Mental Health Awareness Course Award request has been approved!,"Thu, 14 Aug 2025 21:43:19 +0000","Thu, 14 Aug 2025 21:43:19 +0000",,erwomack@amazon.com; phonetool-icons@amazon.com,"Hi Ethan Womack, Congratulations! Your request for Mental Health Awareness Course Award has been approved! http://phonetool.amazon.com/awards/246149/award_icons/289275 Hi Ethan Womack, Congratulations! Your request for Mental Health Awareness Course Award has been approved!â€¦",Congratulations! Your icon Mental Health Awareness Course Award request has been approved!
E-041,[EXTERNAL] Maurissa Hare has accepted to be your mentor!,"Fri, 15 Aug 2025 12:33:55 -0500","Fri, 15 Aug 2025 12:33:55 -0500","LEGAL_EXTERNAL, RME_CHAIN","""Womack, Ethan""; Maurissa Hare via NACF Central + RME Mentorship Program <no-reply@chronusmentor.com>","CAUTION: This email originated from outside of the organization. Do not click links or open attachments unless you can confirm the sender and know the content is safe. Hi Ethan,Congratulations! Maurissa Hare has accepted your mentoring request in NACF Central + RME NACF Central + RME Mentorshipâ€¦",[EXTERNAL] Maurissa Hare has accepted to be your mentor!
E-042,Follow up/ Call Recap/ Resources ,"Fri, 15 Aug 2025 14:18:14 -0500","Fri, 15 Aug 2025 14:18:14 -0500","LEGAL_EXTERNAL, RME_CHAIN, SCHEDULING_ADMIN","""Robinson, Thomas""; ""Womack, Ethan""","Hello Ethan, I hope all is well. Thank you for taking the time to connect with me today. It was a pleasure speaking with you. I wanted to recap our conversation and provide you with the Amazon resources we discussed so you have them for future reference. Recap of our conversation: * You shared thatâ€¦",Follow up/ Call Recap/ Resources
E-043,[EXTERNAL] Reminder: Maurissa Hare/Ethan Womack Mentoring Kickoff Mentoring Session is starting soon,"Thu, 21 Aug 2025 11:17:04 -0500","Thu, 21 Aug 2025 11:17:04 -0500","LEGAL_EXTERNAL, RME_CHAIN","""Womack, Ethan""; NACF Central + RME Mentorship Program <no-reply@chronusmentor.com>","CAUTION: This email originated from outside of the organization. Do not click links or open attachments unless you can confirm the sender and know the content is safe. Hi Ethan, The mentoring session, Maurissa Hare/Ethan Womack Mentoring Kickoff Mentoring Sess NACF Central + RME Mentorship Programâ€¦",[EXTERNAL] Reminder: Maurissa Hare/Ethan Womack Mentoring Kickoff Mentoring Session is starting soon
E-044,US Personal Partial Day Request for 8/27/2025 to 8/27/2025 has been Approved,"Thu, 28 Aug 2025 06:04:40 +0000","Thu, 28 Aug 2025 06:04:40 +0000",,erwomack@amazon.com; mytime-1278@amazon.com,US Personal Partial Day Request for 8/27/2025 to 8/27/2025 has been Approved,US Personal Partial Day Request for 8/27/2025 to 8/27/2025 has been Approved
E-045,[EXTERNAL] Receipt for pico27316-1756447355,"Fri, 29 Aug 2025 01:03:11 -0500","Fri, 29 Aug 2025 01:03:11 -0500",LEGAL_EXTERNAL,"""Womack, Ethan""; No Reply <noreply@mymarketaccount.net>","CAUTION: This email originated from outside of the organization. Do not click links or open attachments unless you can confirm the sender and know the content is safe. <https://img.readytouchpos.com/AVIFoodSystems/RCT/AVIFoodsystemsFlatBlack.png> Hey ETHAN WOMACK, thank you for funding yourâ€¦",[EXTERNAL] Receipt for pico27316-1756447355
E-046,[EXTERNAL] Receipt for pico27316-1756447318,"Fri, 29 Aug 2025 01:03:12 -0500","Fri, 29 Aug 2025 01:03:12 -0500","LEGAL_EXTERNAL, POLICY_COMMS","""Womack, Ethan""; No Reply <noreply@mymarketaccount.net>",CAUTION: This email originated from outside of the organization. Do not click links or open attachments unless you can confirm the sender and know the content is safe. <https://img.readytouchpos.com/AVIFoodSystems/RCT/AVIFoodsystemsFlatBlack.png> Thank you for your recent purchase at 365 Retailâ€¦,[EXTERNAL] Receipt for pico27316-1756447318
E-047,Order Confirmation: 111-7546136-9018607,"Fri, 29 Aug 2025 01:28:22 -0500","Fri, 29 Aug 2025 01:28:22 -0500",POLICY_COMMS,"""Womack, Ethan""; ""Zappos.com"" <cs-noreply@zappos.com>",<https://r.zappos.com/gp/r.html?C=YFVBNG5UAG84&K=SMCGM365TFDA&M=urn:rtn:msg:20250829062820fa92947b2902442ebedd8a6ce750p0na&R=1FOREIK86GCPB&T=O&U=https%3A%2F%2Fimages-na.ssl-images-amazon.com%2Fimages%2FG%2F01%2Fnav%2Ftransp.gif&H=ZDH7N0S5BHH4SRA23LNA3UMZLM4A&ref_=pe_135143330_1118461980_opens>â€¦,Order Confirmation: 111-7546136-9018607
E-048,[EXTERNAL] Your Invitation is waiting | Enroll in AWS Cloud Institute today!,"Sat, 30 Aug 2025 04:55:06 -0500","Sat, 06 Sep 2025 08:16:21 -0500",LEGAL_EXTERNAL,"""Womack, Ethan""; ,; ,""Womack, Ethan""; ,no-reply@awscloudinstitute.com; no-reply@awscloudinstitute.com","CAUTION: This email originated from outside of the organization. Do not click links or open attachments unless you can confirm the sender and know the content is safe. <https://padawan.file.force.com/servlet/servlet.ImageServer?id=0154x000000flkI&oid=00D4x000006kAxZ> AWS Cloud Institute Hi Ethan,â€¦",[EXTERNAL] Your Invitation is waiting | Enroll in AWS Cloud Institute today!
E-049,Your order is arriving early!,"Tue, 02 Sep 2025 11:02:05 -0500","Tue, 02 Sep 2025 11:02:05 -0500",POLICY_COMMS,"""Womack, Ethan""; ""Zappos.com"" <cs-noreply@zappos.com>",<https://r.zappos.com/gp/r.html?C=1KJ8B7VLL90TK&K=SMCGM365TFDA&M=urn:rtn:msg:202509021602040759b2f2d178420887c9a7649d90p0na&R=1EQNTRIW7Q85B&T=O&U=https%3A%2F%2Fimages-na.ssl-images-amazon.com%2Fimages%2FG%2F01%2Fnav%2Ftransp.gif&H=CYUMQ4Q4EXZE2LKHZRATQEBA5ESA&ref_=pe_140201460_1162061030_opens>â€¦,Your order is arriving early!
E-050, Your order arrived early! ðŸ“¦,"Tue, 02 Sep 2025 12:09:22 -0500","Tue, 02 Sep 2025 12:09:22 -0500",POLICY_COMMS,"""Womack, Ethan""; ""Zappos.com"" <cs-noreply@zappos.com>",<https://r.zappos.com/gp/r.html?C=1G69HR526V2QX&K=SMCGM365TFDA&M=urn:rtn:msg:20250902170921b8ad070e5746473faf9f626af2e0p0na&R=2KTV3AFPY4DN5&T=O&U=https%3A%2F%2Fimages-na.ssl-images-amazon.com%2Fimages%2FG%2F01%2Fnav%2Ftransp.gif&H=CQQDTKAQ91FPZS3LYAJSZMBYNFGA&ref_=pe_135143320_1118461970_opens>â€¦,Your order arrived early! ðŸ“¦
E-051,RE: AWS Career Path Goals - Networking Request,"Mon, 08 Sep 2025 15:10:52 -0500","Tue, 16 Sep 2025 21:12:38 -0500","POLICY_COMMS, RME_CHAIN, SCHEDULING_ADMIN","""Bonanno, Jessi""; ""Womack, Ethan""; ,; ,""Bonanno, Jessi""; ,""Womack, Ethan""","Hey!! Great to hear from you ðŸ˜Š I am Out of office until 9/17, but can we chat 9/19? From: Womack, Ethan <erwomack@amazon.com> Sent: Monday, September 8, 2025 7:24 AM To: Bonanno, Jessi <jesbon@amazon.com> Subject: AWS Career Path Goals - Networking Request Subject: Request for guidance on AWSâ€¦",AWS Career Path Goals - Networking Request
E-052,Â Interest in Sr. Maintenance Manager Posting (TPA4) & Leadership Development Pathways,"Wed, 10 Sep 2025 15:49:32 -0500","Wed, 10 Sep 2025 15:49:32 -0500",RME_CHAIN,"""Carter, Mike"", ""Dolorin, Rodney""; ""Womack, Ethan""","Subject: Interest in Sr. Maintenance Manager Posting (TPA4) & Leadership Development Pathways To: Mike Carter (Hiring Manager), Rodney Dolorin (Recruiter) Hi Mike and Rodney, I hope youre both doing well. My name is Ethan Womack and Im currently an RME Technician at the TPA4 Fulfillment Center. Iâ€¦",Interest in Sr. Maintenance Manager Posting (TPA4) & Leadership Development Pathways
E-053,Case 616696358540 - New Message,"Sat, 13 Sep 2025 06:19:47 -0500","Sat, 13 Sep 2025 06:19:47 -0500","RME_CHAIN, SCHEDULING_ADMIN","""Womack, Ethan""; Amazon My HR <AmazonMyHR@myhr.a2z.com>","Posted Correspondence: Hello , Thank you for reaching out to the CTK Team. Your schedule change request for 14 days has been processed. However, we will not be able to process a schedule change for more than 14 days due to current system limitations at Centralized Time Keeping. Effective Augustâ€¦",Case 616696358540 - New Message
E-054,Re: Warm Intro for AWS Info,"Wed, 24 Sep 2025 16:38:12 -0500","Mon, 29 Sep 2025 12:01:05 -0500","LEGAL_EXTERNAL, LOTO_SAFETY, RME_CHAIN, SCHEDULING_ADMIN","""Bonanno, Jessi""; ""Winterstein, David"", ""Manikowski, Tyler""; ""Womack, Ethan"", ""Smith, Jena""; ,; ,""Bonanno, Jessi"", ""Winterstein, David"", ""Manikowski, Tyler""; ,""Manikowski, Tyler""; ,""Smith, Jena""; ,""Smith, Jena"", ""Bonanno, Jessi"", ""Manikowski, Tyler""; ,""Smith, Jena"", legal@omniversalmedia.org; ,""Winterstein, David""; ,""Womack, Ethan""; ,""Womack, Ethan"", ""Bonanno, Jessi"", ""Winterstein, David""","Hey David and Tyler, I hope you both are doing amazing. Ethan (on the CC line) joined Amazon recently. He works in RME at TPA4. He is interested in transitioning to AWS in the future. He is signing up for Career Choice â€“ Cloud Academy. He is trying to navigate and find which job family he should beâ€¦",Warm Intro for AWS Info
E-055,RE: Appreciate your support today,"Wed, 24 Sep 2025 17:34:34 -0500","Thu, 25 Sep 2025 08:55:53 -0500",SCHEDULING_ADMIN,"""Smith, Jena""; ""Womack, Ethan""; ,; ,""Smith, Jena""; ,""Womack, Ethan""","You are so welcome Ethan! It is always a pleasure. Please send that my way when you have it! Thank you, Jena Smith | HR Manager North American Fulfillment - TPA4 E: <mailto:Jenasmit@amazon.com> Jenasmit@amazon.com From: Womack, Ethan <erwomack@amazon.com> Sent: Wednesday, September 24, 2025 5:43 PMâ€¦",Appreciate your support today
E-056,FW: Your career growth: AI upskilling tools and AWS certifications | M365: Keep your account secure,"Thu, 25 Sep 2025 08:15:46 -0500","Thu, 25 Sep 2025 08:15:46 -0500",POLICY_COMMS,"""Bonanno, Jessi""; ""Womack, Ethan""","Sharing this one From: Amazonian News <things@atoz.amazon.work> Sent: Thursday, September 25, 2025 4:03 AM To: Bonanno, Jessi <jesbon@amazon.com> Subject: Your career growth: AI upskilling tools and AWS certifications | M365: Keep your account secure Dive Deep: Gain insight into the intricate worldâ€¦",Your career growth: AI upskilling tools and AWS certifications | M365: Keep your account secure
E-057,Automatic reply: Warm Intro for AWS Info,"Thu, 25 Sep 2025 20:12:33 -0500","Tue, 30 Sep 2025 02:44:07 -0500","LOTO_SAFETY, RME_CHAIN","""Manikowski, Tyler""; ""Womack, Ethan""; ,; ,""Bonanno, Jessi""; ,""Womack, Ethan""","I am currently out of the office and my responses may be delayed. I will be returning to work on 29-Sep. For any escalations during this time, please contact Justin Aragon (westmjus@). Thank you, Tyler Manikowski | Program Manager, DCPD Health & Safety | C: 616.446.7965 | E: tmanikow@amazon.comâ€¦",Automatic reply: Warm Intro for AWS Info
E-058,Thrive Notification,"Sat, 27 Sep 2025 21:08:12 -0500","Sat, 27 Sep 2025 21:08:12 -0500",,"""Womack, Ethan""; no-reply@forge.hr.amazon.dev",<https://m.media-amazon.com/images/G/01/Engage/Thrive/Emails/Amazon_Thrive_Banner.png> James just updated your Thrive conversation and wanted to let you know. Go to Thrive to see the updates and continue preparing. <https://nms2bkxq.r.us-â€¦,Thrive Notification
E-059,Thrive Conversation Complete,"Sat, 27 Sep 2025 21:10:47 -0500","Tue, 14 Oct 2025 05:49:17 -0500",SCHEDULING_ADMIN,"""Womack, Ethan""; ,; ,""Womack, Ethan""; ,no-reply@forge.hr.amazon.dev; no-reply@forge.hr.amazon.dev",<https://m.media-amazon.com/images/G/01/Engage/Thrive/Emails/Amazon_Thrive_Banner.png> Ethan's Thrive conversation for September is now complete! View past history <https://nms2bkxq.r.us-west-2.awstrack.me/L0/https:%2F%2Fna.engage.amazon.dev%2Fthrive/1/010101998e1643da-b273278d-c89d-44cc-â€¦,Thrive Conversation Complete
E-060,Accepted: AWS Career Planning,"Mon, 29 Sep 2025 17:51:27 +0000","Wed, 01 Oct 2025 15:53:10 +0000",,"""Winterstein, David"" <wintdavi@amazon.com>; ""Womack, Ethan"" <erwomack@amazon.com>; ,; ,""Manikowski, Tyler"" <tmanikow@amazon.com>; ,""Womack, Ethan"" <erwomack@amazon.com>",,Accepted: AWS Career Planning
E-061,RE: Denver_AWS_Target_Roles_Packet.docx,"Tue, 30 Sep 2025 01:49:38 -0500","Tue, 30 Sep 2025 01:49:38 -0500",SCHEDULING_ADMIN,"""Bonanno, Jessi""; ""Womack, Ethan""","ðŸ˜Š This looks awesome! I would send it to both ahead of time, so they can look it over and provide you the best thoughts they have on it. They are both really neat, great to network with and started in the FC. LMK how it goes! From: Womack, Ethan <erwomack@amazon.com> Sent: Sunday, September 28,â€¦",Denver_AWS_Target_Roles_Packet.docx
E-062,Congrats on completing Responsible AI: Foundations!,"Tue, 30 Sep 2025 17:10:46 -0500","Tue, 30 Sep 2025 17:10:46 -0500",,"""Womack, Ethan""; no-reply@portal.mlu.aws.dev","Hey Ethan, ðŸŽ‰Congratulations on completing Responsible AI: Foundations! By completing this course you're now able to: * Explain the responsible AI dimensions that are relevant to AWS and Amazon. * Apply responsible AI approach throughout AI application lifecycle. Estimate different levels of risksâ€¦",Congrats on completing Responsible AI: Foundations!
E-063,Re: AWS Career Planning,"Wed, 01 Oct 2025 10:53:38 -0500","Wed, 01 Oct 2025 10:53:38 -0500","LOTO_SAFETY, RME_CHAIN, SCHEDULING_ADMIN","""Manikowski, Tyler""; ""Womack, Ethan""","Hey Ethan, Sounds great - look forward to chatting. Tyler Manikowski | Program Manager, DCPD Health & Safety | C: 616.446.7965 | E: tmanikow@amazon.com <mailto:tmanikow@amazon.com> Work hard. Have fun. Make history. _____ From: Womack, Ethan <erwomack@amazon.com> Sent: Tuesday, September 30, 2025â€¦",AWS Career Planning
E-064,Amazon Web Services: You have opened a new Support case: 175944371600276,"Thu, 02 Oct 2025 17:22:01 -0500","Thu, 02 Oct 2025 17:22:01 -0500",,"""Womack, Ethan""; Amazon Web Services <no-reply-aws@amazon.com>","Thank you for contacting Amazon Web Services. We have opened case 175944371600276 to address your issue. The details of your case are as follows: Case ID: 175944371600276 Account ID: 509951859275 Severity: low To contact us again about this issue, please use the following link to enter yourâ€¦",Amazon Web Services: You have opened a new Support case: 175944371600276
E-065,"Informational submitted for Decom Tech, Data Center Operations, L4 (Job ID: 3042679)","Thu, 02 Oct 2025 17:54:54 -0500","Thu, 02 Oct 2025 17:54:54 -0500",RME_CHAIN,"""Womack, Ethan""; Internal Movement Team <internal-movement-no-reply@ivy.talent.a2z.com>","Select one of the options below to view this email in another language: English <> | FranÃ§ais <> | ä¸­æ–‡ <> | æ—¥æœ¬èªž <> This email is sent from an automated system. Emails sent to internal-movement-no-reply@ivy.talent.a2z.com will not be answered. Hi Ethan, Thank you for your interest in the Decom Tech,â€¦","Informational submitted for Decom Tech, Data Center Operations, L4 (Job ID: 3042679)"
E-066,"Informational submitted for Data Center Technician, Data Center Operations, L4 (Job ID: 3088651)","Thu, 02 Oct 2025 19:15:22 -0500","Thu, 02 Oct 2025 19:15:22 -0500",RME_CHAIN,"""Womack, Ethan""; Internal Movement Team <internal-movement-no-reply@ivy.talent.a2z.com>","Select one of the options below to view this email in another language: English <> | FranÃ§ais <> | ä¸­æ–‡ <> | æ—¥æœ¬èªž <> This email is sent from an automated system. Emails sent to internal-movement-no-reply@ivy.talent.a2z.com will not be answered. Hi Ethan, Thank you for your interest in the Data Centerâ€¦","Informational submitted for Data Center Technician, Data Center Operations, L4 (Job ID: 3088651)"
E-067,"Re: Facility Operations Center Engineer, ADC Facility Operations Center, (L4) (ID:3041697)","Thu, 02 Oct 2025 19:21:01 -0500","Mon, 13 Oct 2025 17:37:06 -0500","LOTO_SAFETY, RME_CHAIN, SCHEDULING_ADMIN","""Gedeon, Edward""; ""Womack, Ethan""; ,; ,""Gedeon, Edward""; ,""Womack, Ethan""","Hi Edward, My name is Ethan Womack, and I am currently an Amazon RME Service Technician II (L3). I am reaching out regarding the Facility Operations Center Engineer posting in Denver (Job ID: 3041697). I bring 15 years of HVAC experience, including a year of mission-critical work with Blackmonâ€¦","Facility Operations Center Engineer, ADC Facility Operations Center, (L4) (ID:3041697)"
E-068,Safety Incident and Related Concerns â€“ A05 SRBS Fault / Lack of Response,"Thu, 02 Oct 2025 20:13:41 -0500","Thu, 02 Oct 2025 20:13:41 -0500","ETHICS, LOTO_SAFETY, POLICY_COMMS, RME_CHAIN","""Smith, Jena""; ""Womack, Ethan""","Dear Jena, I want to be clear upfront: I was uncertain which internal channel, portal, or form would be most appropriate to log this issue. Because of the multiple overlapping systems (MyVoice, WHS reports, Ethics line, etc.), I did not want this to get lost in the wrong place. For that reason, Iâ€¦",Safety Incident and Related Concerns â€“ A05 SRBS Fault / Lack of Response
E-069,RE: Follow-up Concern: Management Conduct & Impact on Safety/Operations,"Thu, 02 Oct 2025 20:26:01 -0500","Fri, 03 Oct 2025 10:43:44 -0500","LOTO_SAFETY, POLICY_COMMS, RME_CHAIN, SCHEDULING_ADMIN","""Smith, Jena""; ""Womack, Ethan""; ,; ,""Smith, Jena""; ,""Wilson, Tori""; ,""Womack, Ethan""","Dear Jena, Similar to my prior note, I want to preface this by saying that I am still unclear on which internal portal is the correct one to use for reporting this type of concern. I trust that you will know how to properly document this in the appropriate system so that it is not overlooked. Onâ€¦",Follow-up Concern: Management Conduct & Impact on Safety/Operations
E-070,You have successfully enrolled in AWS Cloud Quest: Generative AI Practitioner,"Fri, 03 Oct 2025 02:49:45 -0500","Fri, 03 Oct 2025 02:49:45 -0500",POLICY_COMMS,"""Womack, Ethan""; no-reply@aws.training","Hello, You have successfully enrolled in AWS Cloud Quest: Generative AI Practitioner. Click here https://skillbuilder.aws/training-activity to view your full training activity. Thank you, AWS Training and Certification _____ Amazon Web Services, Inc. is a subsidiary of Amazon.com, Inc. Amazon.comâ€¦",You have successfully enrolled in AWS Cloud Quest: Generative AI Practitioner
E-071,RE:[CASE 175944371600276] CLOUD INSTITUTE ENROLLMENT,"Fri, 03 Oct 2025 15:54:12 -0500","Thu, 09 Oct 2025 11:20:13 -0500",POLICY_COMMS,"""Womack, Ethan""; ,; ,""Womack, Ethan""; ,Amazon Web Services <no-reply-aws@amazon.com>; Amazon Web Services <no-reply-aws@amazon.com>","Hello there, I understand that you are not able to complete the enrollment due to an error related with the Builder ID. For program details, application instructions, or to sign up for an info session, see the Resource Hub at the following link: https://training.resources.awscloud.com/aws-cloud-â€¦",[CASE 175944371600276] CLOUD INSTITUTE ENROLLMENT
E-072,Re: Re: RE:[CASE 175944371600276] CLOUD INSTITUTE ENROLLMENT,"Fri, 03 Oct 2025 16:24:43 -0500","Fri, 03 Oct 2025 16:24:43 -0500",POLICY_COMMS,"""Amazon.com"" <nobody@bounces.amazon.com>; ""Womack, Ethan""","Greetings from Amazon Web Services. We're sorry. You've written to an address that cannot accept incoming e-mail. If you need to contact us, please visit http://www.aws.amazon.com/contact-us . Thank you for your business. Best regards, Amazon Web Services http://www.aws.amazon.com/ P.S. Youâ€¦",Re: RE:[CASE 175944371600276] CLOUD INSTITUTE ENROLLMENT
E-073,You have successfully enrolled in AWS ML Engineer Associate Learning Plan (includes labs),"Sat, 04 Oct 2025 08:55:25 -0500","Sat, 04 Oct 2025 08:55:25 -0500",POLICY_COMMS,"""Womack, Ethan""; no-reply@aws.training","Hello, You have successfully enrolled in AWS ML Engineer Associate Learning Plan (includes labs). Click here https://skillbuilder.aws/training-activity to view your full training activity. Thank you, AWS Training and Certification _____ Amazon Web Services, Inc. is a subsidiary of Amazon.com, Inc.â€¦",You have successfully enrolled in AWS ML Engineer Associate Learning Plan (includes labs)
E-074,You have successfully enrolled in AWS ML Engineer Associate Curriculum Overview,"Sat, 04 Oct 2025 08:58:10 -0500","Sat, 04 Oct 2025 08:58:10 -0500",POLICY_COMMS,"""Womack, Ethan""; no-reply@aws.training","Hello, You have successfully enrolled in AWS ML Engineer Associate Curriculum Overview. Click here https://skillbuilder.aws/training-activity to view your full training activity. Thank you, AWS Training and Certification _____ Amazon Web Services, Inc. is a subsidiary of Amazon.com, Inc. Amazon.comâ€¦",You have successfully enrolled in AWS ML Engineer Associate Curriculum Overview
E-075,Invitation to join AWS IAM Identity Center,"Sat, 04 Oct 2025 09:48:06 -0500","Sat, 04 Oct 2025 09:48:06 -0500",,"""Womack, Ethan""; no-reply@login.awsapps.com","Your invitation to access your applications. â€Œ â€Œ â€Œ â€Œ â€Œ â€Œ â€Œ â€Œ â€Œ â€Œ â€Œ â€Œ â€Œ â€Œ â€Œ â€Œ â€Œ â€Œ <https://media.amazonwebservices.com/aws-email-logo.png> Hello Ethan Womack, Your administrator for AWS Account #509951859275 has invited you to AWS IAM Identity Center. Accepting this invitation activates your userâ€¦",Invitation to join AWS IAM Identity Center
E-076,You have successfully enrolled in AWS Partner: Generative AI Essentials,"Sat, 04 Oct 2025 15:50:05 -0500","Sat, 04 Oct 2025 15:50:05 -0500",POLICY_COMMS,"""Womack, Ethan""; no-reply@aws.training","Hello, You have successfully enrolled in AWS Partner: Generative AI Essentials. Click here https://skillbuilder.aws/training-activity to view your full training activity. Thank you, AWS Training and Certification _____ Amazon Web Services, Inc. is a subsidiary of Amazon.com, Inc. Amazon.comâ€¦",You have successfully enrolled in AWS Partner: Generative AI Essentials
E-077,[EXTERNAL] How Was Your Mentoring Session Today?,"Sat, 04 Oct 2025 17:00:02 -0500","Sat, 04 Oct 2025 17:00:02 -0500","LEGAL_EXTERNAL, RME_CHAIN, SCHEDULING_ADMIN","""Womack, Ethan""; NACF Central + RME Mentorship Program <no-reply@chronusmentor.com>","CAUTION: This email originated from outside of the organization. Do not click links or open attachments unless you can confirm the sender and know the content is safe. Hi Ethan, Looks like you had a scheduled mentoring session, Mentoring Mentoring Session - NACF Central + RME Mentorship Program Hiâ€¦",[EXTERNAL] How Was Your Mentoring Session Today?
E-078,Amazon Web Services,"Sat, 04 Oct 2025 21:28:20 -0500","Sat, 04 Oct 2025 21:28:20 -0500",,Amazon Web Services <no-reply@amazonaws.com>; erwomack+aws@amazon.com,<https://p6li1chk.r.us-east-1.awstrack.me/L0/https:%2F%2Faws.amazon.com/1/01000199b232d6f6-83e6c84a-7cf9-410d-9bcd-d362df315f0c-000000/ig-z4kx16GziId2ZoyPrWEvwONU=446> Welcome to Amazon Web Services. Thank you for creating an Amazon Web Services (AWS) account. If you are unable to access AWSâ€¦,Amazon Web Services
E-079,Member added to list: aimatters-newsletter@amazon.com,"Sat, 04 Oct 2025 21:30:01 -0500","Sat, 04 Oct 2025 21:30:01 -0500",,"""Womack, Ethan"", ""Rafferty, Brooke""; miniondomo@amazon.com","Miniondomo Notification Hello, This message is to confirm that erwomack@ was successfully added as a member to the aimatters-newsletter@amazon.com <https://list.email.amazon.dev/lists/aimatters-newsletter@amazon.com> email list in Miniondomo. No further action is required. Thanks, Miniondomo Adminâ€¦",Member added to list: aimatters-newsletter@amazon.com
E-080,Re: You have successfully enrolled in Professional Development Supplemental Course,"Sat, 04 Oct 2025 21:35:01 -0500","Tue, 07 Oct 2025 11:32:53 -0500","POLICY_COMMS, RME_CHAIN","""Womack, Ethan""; ,; ,""Bonanno, Jessi""; ,""Bonanno, Jessi"", ""Smith, Jena""; ,""Smith, Jena""; ,""Womack, Ethan""; ,""Womack, Ethan"", ""Bonanno, Jessi""; no-reply@aws.training","Hello, You have successfully enrolled in Professional Development Supplemental Course. Click here https://skillbuilder.aws/training-activity to view your full training activity. Thank you, AWS Training and Certification _____ Amazon Web Services, Inc. is a subsidiary of Amazon.com, Inc. Amazon.comâ€¦",You have successfully enrolled in Professional Development Supplemental Course
E-081,[EXTERNAL] You're Registered! Select your session times today!,"Sat, 04 Oct 2025 21:35:02 -0500","Sat, 04 Oct 2025 21:35:02 -0500",LEGAL_EXTERNAL,"""Womack, Ethan""; noreply@awscloudinstitute.com","CAUTION: This email originated from outside of the organization. Do not click links or open attachments unless you can confirm the sender and know the content is safe. AWS Cloud Institute Hi Womack,, Congrats on registering for your AWS Cloud Institute courses - we are thrilled to be with you onâ€¦",[EXTERNAL] You're Registered! Select your session times today!
E-082,[Case 175964611900144] Customer Added Communication: Amazon Career Choice Reimbursements,"Sun, 05 Oct 2025 01:35:22 -0500","Sun, 05 Oct 2025 01:35:22 -0500",RME_CHAIN,Amazon Web Services <no-reply-aws@amazon.com>; erwomack+aws@amazon.com,"CAUTION: This email originated from outside of the organization. Do not click links or open attachments unless you can confirm the sender and know the content is safe. As an Amazon RME Technician who is seeking to work towards earning a position at AWS in the ML/AI fields respectively, I'm curiousâ€¦",[Case 175964611900144] Customer Added Communication: Amazon Career Choice Reimbursements
E-083,Amazon Web Services: You have opened a new Support case: 175964611900144,"Sun, 05 Oct 2025 01:35:24 -0500","Sun, 05 Oct 2025 01:35:24 -0500",,Amazon Web Services <no-reply-aws@amazon.com>; erwomack+aws@amazon.com,"Thank you for contacting Amazon Web Services. We have opened case 175964611900144 to address your issue. The details of your case are as follows: Case ID: 175964611900144 Account ID: 322301603153 Severity: normal To contact us again about this issue, please use the following link to enter yourâ€¦",Amazon Web Services: You have opened a new Support case: 175964611900144
E-084,RE:[CASE 175964611900144] Amazon Career Choice Reimbursements,"Sun, 05 Oct 2025 10:25:34 -0500","Sun, 12 Oct 2025 13:55:57 -0500","POLICY_COMMS, SCHEDULING_ADMIN",",; ,Amazon Web Services <no-reply-aws@amazon.com>; ,erwomack+aws@amazon.com; Amazon Web Services <no-reply-aws@amazon.com>; erwomack+aws@amazon.com","Hello, Thank you for contacting AWS Cloud Institute. Amazon employees can also apply for learner grants when they want to enroll to AWS Cloud Institute. There is a form within the wiki called the ""discount request form"" you'll have to complete it. For more information, please see: -â€¦",[CASE 175964611900144] Amazon Career Choice Reimbursements
E-085,You've joined the RME-Technician-Onboarding-Packet group,"Sun, 05 Oct 2025 16:02:23 -0500","Sun, 05 Oct 2025 16:02:23 -0500","RME_CHAIN, SCHEDULING_ADMIN","""Womack, Ethan""; RME-Technician-Onboarding-Packet","Work Brilliantly Together Welcome to the RME-Technician-Onboarding-Packet Group Use the group to share messages and files, and to coordinate group events. View <https://outlook.office.com/groups/groupsubscription?smtp=RME-Onboarding%4 0groups.amazon.com&action=conversations&subaction=gotogroup&bO>â€¦",You've joined the RME-Technician-Onboarding-Packet group
E-086,Your icon Mentor User request submitted successfully!,"Sun, 05 Oct 2025 21:29:03 -0500","Sun, 05 Oct 2025 21:29:03 -0500",,"""Womack, Ethan""; phonetool-icons@amazon.com","Hi Ethan Womack, Your request for Mentor User has been submitted successfully. http://phonetool.amazon.com/awards/273161/award_icons/321480 Hi Ethan Womack, Your request for Mentor User has been submitted successfully. http://phonetool.amazon.com/awards/273161/award_icons/321480",Your icon Mentor User request submitted successfully!
E-087,[EXTERNAL] Your AWS Cloud Institute Journey Starts Now â€“ Letâ€™s Go!,"Mon, 06 Oct 2025 09:07:40 -0500","Mon, 06 Oct 2025 09:07:40 -0500","LEGAL_EXTERNAL, SCHEDULING_ADMIN","""Womack, Ethan""; no-reply@awscloudinstitute.com",CAUTION: This email originated from outside of the organization. Do not click links or open attachments unless you can confirm the sender and know the content is safe. <https://padawan.file.force.com/servlet/servlet.ImageServer?id=0154x000000flkI&oid=00D4x000006kAxZ> Your AWS Cloud Instituteâ€¦,[EXTERNAL] Your AWS Cloud Institute Journey Starts Now â€“ Letâ€™s Go!
E-088,[EXTERNAL] Brittany Kjargaard [AWS] has invited you to work with them in Slack,"Mon, 06 Oct 2025 10:07:31 -0500","Mon, 06 Oct 2025 10:07:31 -0500",LEGAL_EXTERNAL,"""Womack, Ethan""; Slack <no-reply-RNU0Z9EcCO0VrGVJjmMNDwq1@slack.com>",CAUTION: This email originated from outside of the organization. Do not click links or open attachments unless you can confirm the sender and know the content is safe. Join your team on Slack. Brittany Kjargaard [AWS] added you to 5 channels in a workspace called AWS Developers. â€Œ â€Œ â€Œ â€Œ â€Œ â€Œ â€Œ â€Œ â€Œ â€Œâ€¦,[EXTERNAL] Brittany Kjargaard [AWS] has invited you to work with them in Slack
E-089,[EXTERNAL] AWS Developers on Slack: New Account Details,"Mon, 06 Oct 2025 10:12:58 -0500","Mon, 06 Oct 2025 10:12:58 -0500","LEGAL_EXTERNAL, SCHEDULING_ADMIN","""Womack, Ethan""; Slack <no-reply-yg1Oudv1m3gBrTWrnA2X9ifM@slack.com>","CAUTION: This email originated from outside of the organization. Do not click links or open attachments unless you can confirm the sender and know the content is safe. Here are the details for your new Slack workspace, AWS Developers. â€Œ â€Œ â€Œ â€Œ â€Œ â€Œ â€Œ â€Œ â€Œ â€Œ â€Œ â€Œ â€Œ â€Œ â€Œ â€Œ â€Œ â€Œ â€Œ â€Œ â€Œ â€Œ â€Œ â€Œ â€Œ â€Œ â€Œ â€Œ â€Œ â€Œ â€Œ â€Œâ€¦",[EXTERNAL] AWS Developers on Slack: New Account Details
E-090,Re: AWS Cloud Institute + Amazon Career Choice reimbursements,"Mon, 06 Oct 2025 11:51:51 -0500","Wed, 08 Oct 2025 08:57:19 -0500","POLICY_COMMS, RME_CHAIN","""Wilson, Tori""; ""Womack, Ethan""; ,; ,""Wilson, Tori""; ,""Womack, Ethan""","Essentially Tori - I want to meet to see if there's a way for me to receive the same benefit my employment offers if I had enrolled into a university on the list, and apply it instead towards supplementing this Grant through AWS Cloud Institute that I just finished applying for. I believe I did itâ€¦",AWS Cloud Institute + Amazon Career Choice reimbursements
E-091,"Re: Thank you for your interest in the Data Center Technician, Data Center Operations role","Mon, 06 Oct 2025 12:18:21 -0500","Tue, 07 Oct 2025 04:17:37 -0500",RME_CHAIN,"""Tabbert, James""; ""Womack, Ethan""; ,; ,""Tabbert, James""; ,""Wilson, Tori""; ,""Womack, Ethan""; ,Internal Movement Team <internal-movement-no-reply@ivy.talent.a2z.com>; Internal Movement Team <internal-movement-no-reply@ivy.talent.a2z.com>","Select one of the options below to view this email in another language: English <> | FranÃ§ais <> | ä¸­æ–‡ <> | æ—¥æœ¬èªž <> This email is sent from an automated system. Emails sent to internal-movement-no-reply@ivy.talent.a2z.com will not be answered. Hi Ethan, Thank you for your interest in the Data Centerâ€¦","Thank you for your interest in the Data Center Technician, Data Center Operations role"
E-092,Re: [EXTERNAL] Action Required - AWS Cloud Institute Payment Not Processed,"Mon, 06 Oct 2025 12:39:09 -0500","Mon, 06 Oct 2025 12:39:09 -0500","LEGAL_EXTERNAL, RME_CHAIN","""Wilson, Tori""; ""Womack, Ethan""","Hi Ethan! Yes, 2:15 works! Sincerely, Tori Wilson | Sr. HR Business Partner North American Fulfillment â€“ TPA4 Work hard. Have fun. Make History _____ From: Womack, Ethan <erwomack@amazon.com> Sent: Monday, October 6, 2025 1:36 PM To: Wilson, Tori <vctwils@amazon.com> Subject: Fw: [EXTERNAL] Actionâ€¦",[EXTERNAL] Action Required - AWS Cloud Institute Payment Not Processed
E-093,Delivery Status Notification (Failure),"Mon, 06 Oct 2025 17:59:12 +0000","Mon, 06 Oct 2025 17:59:12 +0000",,Mail Delivery System <MAILER-DAEMON@amazon.com>; erwomack@amazon.com,The following message to <internal-movement-no-reply@ivy.talent.a2z.com> was undeliverable. The reason for the problem: 5.4.7 - Delivery expired (message too old) 'timeout',Delivery Status Notification (Failure)
E-094,Tech to Corporate,"Mon, 06 Oct 2025 18:25:22 -0500","Mon, 06 Oct 2025 18:25:22 -0500",RME_CHAIN,"""Womack, Ethan""; Ethan Womack <47loginslater@gmail.com>","Amazon Q said - about my application refinements ""**Summary:** After reviewing Andre Barkhordarian's career progression and the CI Execution team structure alongside your revised resume, there are compelling parallels that strengthen your application. Andre's path from Service Technician to Globalâ€¦",Tech to Corporate
E-095,Fw: RE:[CASE 175964611900144] Amazon Career Choice Reimbursements,"Tue, 07 Oct 2025 04:44:59 -0500","Tue, 07 Oct 2025 04:44:59 -0500","LEGAL_EXTERNAL, POLICY_COMMS, SCHEDULING_ADMIN","""Wilson, Tori"", ""Smith, Jena""; ""Womack, Ethan""","Heres the email from AWS if it helps navigating this Get Outlook for Android <https://aka.ms/AAb9ysg> _____ From: Amazon Web Services <no-reply-aws@amazon.com> Sent: Sunday, October 5, 2025 11:25:34 AM To: erwomack+aws@amazon.com <erwomack+aws@amazon.com> Subject: RE:[CASE 175964611900144] Amazonâ€¦",RE:[CASE 175964611900144] Amazon Career Choice Reimbursements
E-096,"[EXTERNAL] Amazon GESS PPE/ Onboarding Portal PT SL Shipping Confirmation, Order 2203223","Tue, 07 Oct 2025 10:06:04 -0500","Tue, 07 Oct 2025 10:06:04 -0500","LEGAL_EXTERNAL, LOTO_SAFETY, POLICY_COMMS","""Womack, Ethan""; orders@corp-imaging.com",CAUTION: This email originated from outside of the organization. Do not click links or open attachments unless you can confirm the sender and know the content is safe. PLEASE ALLOW 24 HOURS FOR TRACKING TO BE LIVE ON THE UPS SITE. THANK YOU. Tracking Information _____ Thank you for shopping atâ€¦,"[EXTERNAL] Amazon GESS PPE/ Onboarding Portal PT SL Shipping Confirmation, Order 2203223"
E-097,Member added to list: mentor@amazon.com,"Tue, 07 Oct 2025 10:47:32 -0500","Tue, 07 Oct 2025 10:47:32 -0500",,"""Womack, Ethan""; miniondomo@amazon.com","Miniondomo Notification Hello, This message is to confirm that erwomack@ was successfully added as a member to the mentor@amazon.com <https://list.email.amazon.dev/lists/mentor@amazon.com> email list in Miniondomo. No further action is required. Thanks, Miniondomo Admin This is an automatedâ€¦",Member added to list: mentor@amazon.com
E-098,The Sentinel Framework,"Tue, 07 Oct 2025 11:19:49 -0500","Tue, 07 Oct 2025 12:57:57 -0500","ETHICS, POLICY_COMMS, RME_CHAIN","""Smith, Jena""; ""Womack, Ethan""; ""Wright, Sara""; ,; ,""Smith, Jena""; ,""Womack, Ethan""; ,""Wright, Sara""","Sara, I appreciate being looped in. My focus is making sure our techs are safe, informed, and able to self-serve reliable documentation. A lot of the friction youre hearing traces back to unclear policy ownership and missing knowledge pathwaysthats why I built the Sentinel Framework to propose aâ€¦",The Sentinel Framework
E-099,Re: Formal Escalation: Code Freeze Policy Violation / Managerial Misconduct / RME-PMO Synchronization Failure,"Tue, 07 Oct 2025 17:39:19 -0500","Wed, 15 Oct 2025 08:42:05 -0500","ETHICS, LOTO_SAFETY, POLICY_COMMS, RME_CHAIN, SCHEDULING_ADMIN","""Bonanno, Jessi"", ""Smith, Jena"", ""Wilson, Tori""; ""Womack, Ethan""; ""Wright, Sara""; ,; ,""Bonanno, Jessi""; ,""Womack, Ethan""; ,""Womack, Ethan"", ""Smith, Jena"", ""Wilson, Tori""; ,""Wright, Sara""","_____ Formal Escalation Report â€” TPA4 Prime Day 2025 Case Study Author: Ethan Womack (ERWOMACK) Department: RME â€“ TA4D Date: October 7 2025 _____ 1 | Executive Summary Between October 5 â€“ 11 2025, Amazon RME entered a Code Freeze period meant to prevent all non-critical operational changes. Despiteâ€¦",Formal Escalation: Code Freeze Policy Violation / Managerial Misconduct / RME-PMO Synchronization Failure
E-100,Congratulations! Your icon Mentor User request has been approved!,"Wed, 08 Oct 2025 08:34:05 -0500","Wed, 08 Oct 2025 08:34:05 -0500",,"""Womack, Ethan""; phonetool-icons@amazon.com","Hi Ethan Womack, Congratulations! Your request for Mentor User has been approved! http://phonetool.amazon.com/awards/273161/award_icons/321480 Hi Ethan Womack, Congratulations! Your request for Mentor User has been approved! http://phonetool.amazon.com/awards/273161/award_icons/321480",Congratulations! Your icon Mentor User request has been approved!
E-101,[EXTERNAL] Q1 Winter 2026 AWS Cloud Institute Learner Grant - Form Submitted,"Wed, 08 Oct 2025 18:50:25 -0500","Wed, 08 Oct 2025 18:50:25 -0500",LEGAL_EXTERNAL,"""Womack, Ethan""; donotreply@applyISTS.com","CAUTION: This email originated from outside of the organization. Do not click links or open attachments unless you can confirm the sender and know the content is safe. Dear Ethan Womack, Thank you for submitting your application for the AWS Cloud Institute Learner Grant. Below, youâ€™ll find aâ€¦",[EXTERNAL] Q1 Winter 2026 AWS Cloud Institute Learner Grant - Form Submitted
E-102,Welcome to Prime!,"Thu, 09 Oct 2025 19:09:10 -0500","Thu, 09 Oct 2025 19:09:10 -0500",,Amazon Prime <prime@amazon.com>; erwomack+AB@amazon.com,<https://www.amazon.com/gp/r.html?C=27HBABDPQAQ81&K=339G43ZAAECPN&M=urn:rtn:msg:20251010000909e622af2f5d824a349592639752f0p0na&R=WIY2QOTBIO0X&T=O&U=https%3A%2F%2Fimages-na.ssl-images-amazon.com%2Fimages%2FG%2F01%2Fnav%2Ftransp.gif&H=K9KJQHYQ5GDCL3VZGHAG7LLXMHYA&ref_=pe_125524980_1045574600_opens>â€¦,Welcome to Prime!
E-103,Congrats on completing ML for Leaders Generative AI!,"Fri, 10 Oct 2025 23:03:07 -0500","Fri, 10 Oct 2025 23:03:07 -0500",,"""Womack, Ethan""; no-reply@portal.mlu.aws.dev","Hey Ethan, ðŸŽ‰Congratulations on completing ML for Leaders Generative AI! By completing this course you're now able to: * Identify and use generative AI vocabulary, such as embeddings, foundation models, hallucinations, and Amazon Bedrock. * Categorize the techniques to ground a model, such as promptâ€¦",Congrats on completing ML for Leaders Generative AI!
E-104,Attention required on case 175964611900144: Amazon Career Choice Reimbursements,"Sun, 12 Oct 2025 11:11:48 -0500","Sun, 12 Oct 2025 11:11:48 -0500",POLICY_COMMS,Amazon Web Services <no-reply-aws@amazon.com>; erwomack+aws@amazon.com,"We have not heard back from you regarding case 175964611900144 in the last 7 days. We hope this means you have resolved your issue or question. If you need continued support, please contact us using the following URL: https://console.aws.amazon.com/support/home?region=us-â€¦",Attention required on case 175964611900144: Amazon Career Choice Reimbursements
E-105,[EXTERNAL] Details for order #949256 on SafetyGearPro.com,"Mon, 13 Oct 2025 10:36:22 -0500","Mon, 13 Oct 2025 10:36:22 -0500","LEGAL_EXTERNAL, LOTO_SAFETY, POLICY_COMMS","""Womack, Ethan""; Safety Gear Pro <sales@safetygearpro.com>","CAUTION: This email originated from outside of the organization. Do not click links or open attachments unless you can confirm the sender and know the content is safe. <https://safetygearpro.com/wp-content/uploads/2016/06/Logo-Web.png> Details for order #949256 Hi Ethan, Here are the details ofâ€¦",[EXTERNAL] Details for order #949256 on SafetyGearPro.com
E-106,[EXTERNAL] [SafetyGearPro.com] Re: Invoice Request,"Mon, 13 Oct 2025 10:36:38 -0500","Mon, 13 Oct 2025 10:36:38 -0500","LEGAL_EXTERNAL, LOTO_SAFETY","""Lou Javier (SafetyGearPro.com)"" <sales@safetygearpro.com>; ""Womack, Ethan""","CAUTION: This email originated from outside of the organization. Do not click links or open attachments unless you can confirm the sender and know the content is safe. ##- Please type your reply above this line -## Your request (201783) has been updated. To add additional comments, reply to thisâ€¦",[EXTERNAL] [SafetyGearPro.com] Re: Invoice Request
E-107,[Issues] [ACTION NEEDED] Review & Approve Connections Access Request from erwomack,"Tue, 14 Oct 2025 06:25:54 -0500","Tue, 14 Oct 2025 06:25:54 -0500","POLICY_COMMS, RME_CHAIN","""Womack, Ethan"", ""Templeton, Jon""; Robot <issues+issues@prod.sim.a2z.com>",A Robot created [ACTION NEEDED] Review <https://t.corp.amazon.com/9d9b73e3-4366-4a73-90e9-4f4b2067847b> & Approve Connections Access Request from erwomack on behalf of erwomack <https://phonetool.amazon.com/users/erwomack> against the group Connections Permissionsâ€¦,[Issues] [ACTION NEEDED] Review & Approve Connections Access Request from erwomack
E-108,This seemed useful - but I don't know ,"Wed, 15 Oct 2025 06:09:45 -0500","Wed, 15 Oct 2025 06:09:45 -0500","LOTO_SAFETY, POLICY_COMMS, RME_CHAIN","""Hendricks, Nate""; ""Womack, Ethan""","Fw: Q3 Leadership Development Newsletter As I told Sara Wright - the issue here is a lack of effective communication between Management and Technicians and thus across departments as well. Leadership Development of new individuals with the ability and skill to actually lead, should be developed.â€¦",This seemed useful - but I don't know
E-109,what?,"Wed, 15 Oct 2025 06:52:28 -0500","Wed, 15 Oct 2025 06:52:28 -0500","LOTO_SAFETY, POLICY_COMMS, RME_CHAIN, SCHEDULING_ADMIN","""Womack, Ethan""; Ethan Womack <47loginslater@gmail.com>","Refused to sign by associate on October 13, 2025, 2:34:59 PM - Delivered by Wilson,Tori (vctwils) Supportive Feedback Document Behavioral - Final Written Associate Name: Womack,Ethan (erwomack) Manager Name: Truax,Ryan Arthur (DA0-0430) Created On: October 13, 2025, 2:34:59 PM Summary Your recentâ€¦",what?
E-110,Example -,"Wed, 15 Oct 2025 07:15:01 -0500","Wed, 15 Oct 2025 07:15:01 -0500","ETHICS, LOTO_SAFETY, POLICY_COMMS, RME_CHAIN, SCHEDULING_ADMIN","""Bonanno, Jessi""; ""Womack, Ethan""","This is how objectively wrong this report is. Look at the very last slide in big red letters. Jon spun this intentionally - So yeah... Of course I refused to sign out right lies. Refused to sign by associate on October 13, 2025, 2:34:59 PM - Delivered by Wilson,Tori (vctwils) Supportive Feedbackâ€¦",Example -
E-111,HR - APPEAL,"Wed, 15 Oct 2025 08:31:47 -0500","Mon, 27 Oct 2025 01:33:32 -0500","ETHICS, LOTO_SAFETY, POLICY_COMMS, RME_CHAIN, SCHEDULING_ADMIN","""Wilson, Tori""; ""Womack, Ethan""; ,; ,""Womack, Ethan""; ,47loginslater@gmail.com","Based on the information I've found, I can help you understand the LOTO policies and provide guidance for your appeal. Here's what I discovered: ## Key Policy Findings ### LOTO Failed Audit Policy The policy you referenced appears to be correct. According to Amazon's documentation, **inadequateâ€¦",HR - APPEAL
E-112,Acknowledgement of Case 20251015-1662164     ref:!00D3t02mKvO.!500Ki0Ak6A0:ref,"Wed, 15 Oct 2025 08:38:35 -0500","Wed, 15 Oct 2025 08:38:35 -0500",,"Amazon HR <hr@exact.hr.amazon.dev>; dudeinwrens@gmail.com, ""Womack, Ethan"", 47loginslater@gmail.com","10/15/2025 Dear Ethan Ross Womack, We have received the concerns that you raised. We have a process in place to carefully review all concerns raised to our attention. Part of this process may include having someone contact you personally to gather additional information, if necessary. Thank you,â€¦",Acknowledgement of Case 20251015-1662164 ref:!00D3t02mKvO.!500Ki0Ak6A0:ref
E-113,[EXTERNAL] RX Verification Needed â€“ Order #949256,"Wed, 15 Oct 2025 09:41:31 -0500","Wed, 15 Oct 2025 09:41:31 -0500","LEGAL_EXTERNAL, LOTO_SAFETY","""Lou Javier (SafetyGearPro.com)"" <sales@safetygearpro.com>; ""Womack, Ethan""",CAUTION: This email originated from outside of the organization. Do not click links or open attachments unless you can confirm the sender and know the content is safe. ##- Please type your reply above this line -## This ticket was created on your behalf.â€¦,[EXTERNAL] RX Verification Needed â€“ Order #949256
E-114,"Undeliverable: Womack, Ethan wants to access 'TA4E DTW PM's and Repairs Revised 1'","Wed, 15 Oct 2025 21:01:46 +0000","Wed, 15 Oct 2025 21:01:46 +0000",,Microsoft Outlook <MicrosoftExchange329e71ec88ae4615bbc36ab6ce41109e@amazon.com>; erwomack@amazon.com,"Delivery has failed to these recipients or groups: darrinjo@ant.amazon.com The email address you entered couldn't be found. Please check the recipient's email address and try to resend the message. If the problem continues, please contact your email admin. Diagnostic information for administrators:â€¦","Undeliverable: Womack, Ethan wants to access 'TA4E DTW PM's and Repairs Revised 1'"
E-115,Re: [V1967432680] [ACTION NEEDED] Review & Approve Connections Access Request from erwomack,"Thu, 16 Oct 2025 06:26:23 -0500","Thu, 16 Oct 2025 06:26:23 -0500","POLICY_COMMS, RME_CHAIN","""Womack, Ethan"", ""Templeton, Jon""; Robot <issues+issues@prod.sim.a2z.com>","A Robot commented on [ACTION NEEDED] Review <https://t.corp.amazon.com/V1967432680> & Approve Connections Access Request from erwomack at 2025-10-16 04:26:22 PDT (GMT-0700) @templetj, This ticket is assigned to you. erwomack@ has requested that you grant them Connections permissions. Please followâ€¦",[V1967432680] [ACTION NEEDED] Review & Approve Connections Access Request from erwomack
E-116,[EXTERNAL] [SafetyGearPro.com] Re: Re: RX Verification Needed â€“ Order #949256,"Thu, 16 Oct 2025 13:39:55 -0500","Thu, 16 Oct 2025 13:39:55 -0500","LEGAL_EXTERNAL, LOTO_SAFETY","""Lou Javier (SafetyGearPro.com)"" <sales@safetygearpro.com>; ""Womack, Ethan""","CAUTION: This email originated from outside of the organization. Do not click links or open attachments unless you can confirm the sender and know the content is safe. ##- Please type your reply above this line -## Your request (201896) has been updated. To add additional comments, reply to thisâ€¦",[EXTERNAL] [SafetyGearPro.com] Re: Re: RX Verification Needed â€“ Order #949256
E-117,"NACF WHS RME Bi-Weekly Report - October 17, 2025","Fri, 17 Oct 2025 16:39:48 -0500","Fri, 17 Oct 2025 19:16:18 -0500","ETHICS, LOTO_SAFETY, POLICY_COMMS, RME_CHAIN","""Dugan, Lauren""; ,; ,""Dugan, Lauren""; ,""Womack, Ethan""","Lauren Dugan (she/her) Sr. RME PM, WHS | ARS Central & Canada E: <mailto:duganl@amazon.com> duganl@amazon.com | P: 727.272.0098 Workplace Health & Safety Safe to Go v\:* {behavior:url(#default#VML);} o\:* {behavior:url(#default#VML);} w\:* {behavior:url(#default#VML);} .shapeâ€¦","NACF WHS RME Bi-Weekly Report - October 17, 2025"
E-118,New order - Requires Approval,"Sun, 19 Oct 2025 05:48:43 -0500","Sun, 19 Oct 2025 05:48:43 -0500",POLICY_COMMS,"""Womack, Ethan""; no-reply@shop.it.a2z.com","IT Shop Hello Ethan, Thank you for your order! #7407696667 <https://shop.it.a2z.com/orders#ito::erwomack/cdb28ad9-b064-455d-9b85-be6434ac11dd> Quantity Name Price1 Minitab (Windows) $414.00 USD six sigma trainingWe have filed the required approval on your behalf. The IT Shop team will complete yourâ€¦",New order - Requires Approval
E-119,Expense Report Status Change,"Wed, 22 Oct 2025 23:02:50 -0500","Wed, 22 Oct 2025 23:02:50 -0500",ETHICS,"""Womack, Ethan""; Amazon Expenses <AutoNotification@concursolutions.com>",<https://static.concursolutions.com/static/images/brand/logo-SAPConcur-500px-20171219.png> <https://static.concursolutions.com/static/images/brand/logo-SAP-20171221.png> Expense Report Status ChangeYour expense report listed below has changed status. _____ Employee Name Ethan Womack Report Nameâ€¦,Expense Report Status Change
E-120,Thomas POC,"Fri, 24 Oct 2025 09:18:33 -0500","Fri, 24 Oct 2025 09:54:55 -0500","RME_CHAIN, SCHEDULING_ADMIN","""Bonanno, Jessi""; ""Womack, Ethan""; ,; ,""Bonanno, Jessi""; ,""Womack, Ethan""","Hey Ethan, I hope you are having a great day! Thomas is going to be the main POC for you for this as it requires RME-specific expertise. He said he will connect with you by EOW to schedule time to review. Jessi Bonanno (she/her) | PXT Leader | Amazon Robotics Northeast and Southeast ""Life's mostâ€¦",Thomas POC
E-121,Final Warning Writeup,"Tue, 28 Oct 2025 14:23:25 -0500","Tue, 28 Oct 2025 14:23:25 -0500","POLICY_COMMS, RME_CHAIN","""Robinson, Thomas"", ""Wilson, Tori"", ""Templeton, Jon"", ""Truax, Ryan""; ""Womack, Ethan""","Please provide the written policy revision ID, revision date, and document location that codifies the requirement you are asserting was in effect at the time of the write-up. Get Outlook for Android <https://aka.ms/AAb9ysg> Please provide the written policy revision ID, revision date, and documentâ€¦",Final Warning Writeup
E-122,harrassment,"Thu, 30 Oct 2025 21:31:58 -0500","Thu, 30 Oct 2025 21:31:58 -0500","POLICY_COMMS, RME_CHAIN, SCHEDULING_ADMIN","""Womack, Ethan""; Ethan Womack <47loginslater@gmail.com>","Can you send this back as written out text? Sure! Here's the full text from the document you uploaded, written out for clarity and readability: Formal Escalation: Code Freeze Policy Violation / Managerial Misconduct / RME-PMO Synchronization Failure From: Ethan Womack (erwomack@amazon.com) Date:â€¦",harrassment
E-123,harrass,"Thu, 30 Oct 2025 22:07:18 -0500","Thu, 30 Oct 2025 22:07:18 -0500",,"""Womack, Ethan""; Ethan Womack <47loginslater@gmail.com>",P {margin-top:0;margin-bottom:0;},harrass
E-124,MailStore Import Message - Accepted: Hold time with Ethan,"Sun, 02 Nov 2025 08:15:04 -0500","Sun, 02 Nov 2025 08:15:11 -0500",,",","{""ContentHash"":""ZcOSYYYE+v0kJU6Y7u5+B5JwUswIJZn5j/gg7QgPnXY="",""PrimaryMailAddress"":null,""ArchiveName"":""Outlook Outlook Data File"",""Folder"":[""OSHA""],""ArchiveDate"":""2025-11-02T13:12:26"",""MessageDate"":""2025-10-â€¦",MailStore Import Message - Accepted: Hold time with Ethan
E-125,MailStore Import Message - US Personal Partial Day Request for 10/19/2025 to 10/19/2025 has been Approved,"Sun, 02 Nov 2025 08:15:05 -0500","Sun, 02 Nov 2025 08:15:05 -0500",,,"{""ContentHash"":""DG14LZHmMers33gnyEStAOswa403ADRir/e6rHdAGC4="",""PrimaryMailAddress"":null,""ArchiveName"":""Outlook Outlook Data File"",""Folder"":[""OSHA""],""ArchiveDate"":""2025-11-02T13:12:26"",""MessageDate"":""2025-10-â€¦",MailStore Import Message - US Personal Partial Day Request for 10/19/2025 to 10/19/2025 has been Approved
E-126,MailStore Import Message - US Personal Partial Day Request for 10/28/2025 to 10/28/2025 has been Approved,"Sun, 02 Nov 2025 08:15:07 -0500","Sun, 02 Nov 2025 08:15:07 -0500",,,"{""ContentHash"":""+3v4BIE6wQLEkWWu0M+1NOTI8xhpip5NmOMJ88/y7rI="",""PrimaryMailAddress"":null,""ArchiveName"":""Outlook Outlook Data File"",""Folder"":[""OSHA""],""ArchiveDate"":""2025-11-02T13:12:29"",""MessageDate"":""2025-10-â€¦",MailStore Import Message - US Personal Partial Day Request for 10/28/2025 to 10/28/2025 has been Approved
E-127,MailStore Import Message - US Vacation Partial Day Request for 10/03/2025 to 10/03/2025 has been Approved,"Sun, 02 Nov 2025 08:15:11 -0500","Sun, 02 Nov 2025 08:15:11 -0500",,,"{""ContentHash"":""rrMm56dHTssDK2Ng3Q/QmkEs1H4VyiNv6/ItziZgwt0="",""PrimaryMailAddress"":null,""ArchiveName"":""Outlook Outlook Data File"",""Folder"":[""OSHA""],""ArchiveDate"":""2025-11-02T13:12:34"",""MessageDate"":""2025-09-â€¦",MailStore Import Message - US Vacation Partial Day Request for 10/03/2025 to 10/03/2025 has been Approved
E-128,MailStore Import Message - US Personal Partial Day Request for 10/03/2025 to 10/03/2025 has been Approved,"Sun, 02 Nov 2025 08:15:18 -0500","Sun, 02 Nov 2025 08:15:18 -0500",,,"{""ContentHash"":""/648lTaB5NjxygIYbrEsYm7iC3EhZ/mak9y4JSXIT7Y="",""PrimaryMailAddress"":null,""ArchiveName"":""Outlook Outlook Data File"",""Folder"":[""OSHA""],""ArchiveDate"":""2025-11-02T13:12:40"",""MessageDate"":""2025-09-â€¦",MailStore Import Message - US Personal Partial Day Request for 10/03/2025 to 10/03/2025 has been Approved
E-129,MailStore Import Message - US Personal Full Day Request for 9/06/2025 to 9/06/2025 has been Approved,"Sun, 02 Nov 2025 08:15:21 -0500","Sun, 02 Nov 2025 08:15:21 -0500",,,"{""ContentHash"":""8J5s9+l6P7dlzNqXjhfqGLBdNtqTJvZD633VofsoOoI="",""PrimaryMailAddress"":null,""ArchiveName"":""Outlook Outlook Data File"",""Folder"":[""OSHA""],""ArchiveDate"":""2025-11-02T13:12:43"",""MessageDate"":""2025-09-â€¦",MailStore Import Message - US Personal Full Day Request for 9/06/2025 to 9/06/2025 has been Approved
